epoch,accuracy,loss
0,0.6756756901741028,0.59849613904953
1,0.8918918967247009,0.31936320662498474
2,0.9594594836235046,0.15271882712841034
